,fname,Small Aircraft,Large Aircraft,Small Vehicle,Bus/Truck,Boat
0,10.tif,0.0,0.0,2.0,1.0,0.0
1,100.tif,0.0,0.0,62.0,7.0,0.0
2,102.tif,0.0,0.0,346.0,24.0,0.0
3,1036.tif,0.0,0.0,31.0,36.0,69.0
4,1037.tif,0.0,0.0,276.0,146.0,0.0
5,104.tif,0.0,0.0,298.0,31.0,0.0
6,1042.tif,0.0,0.0,50.0,54.0,0.0
7,1044.tif,1.0,0.0,18.0,17.0,0.0
8,1046.tif,0.0,0.0,6.0,10.0,0.0
9,1048.tif,0.0,0.0,0.0,2.0,0.0
10,1049.tif,0.0,0.0,2.0,1.0,0.0
11,105.tif,0.0,0.0,343.0,42.0,0.0
12,1050.tif,0.0,0.0,702.0,228.0,0.0
13,1051.tif,0.0,0.0,378.0,130.0,0.0
14,1052.tif,0.0,2.0,55.0,22.0,0.0
15,1053.tif,0.0,1.0,9.0,25.0,0.0
16,1056.tif,0.0,0.0,7.0,15.0,0.0
17,1058.tif,0.0,0.0,8.0,206.0,0.0
18,106.tif,0.0,0.0,368.0,41.0,0.0
19,1061.tif,0.0,0.0,123.0,14.0,0.0
20,1063.tif,0.0,0.0,287.0,40.0,0.0
21,1065.tif,0.0,0.0,879.0,51.0,0.0
22,1067.tif,0.0,0.0,9.0,30.0,0.0
23,1068.tif,1.0,0.0,21.0,54.0,0.0
24,107.tif,0.0,0.0,911.0,105.0,20.0
25,1070.tif,0.0,0.0,650.0,30.0,0.0
26,1072.tif,0.0,0.0,4.0,21.0,0.0
27,1076.tif,0.0,14.0,301.0,65.0,0.0
28,1077.tif,0.0,0.0,10.0,43.0,0.0
29,1079.tif,0.0,0.0,6.0,33.0,0.0
30,1080.tif,0.0,0.0,454.0,36.0,0.0
31,1081.tif,0.0,0.0,23.0,8.0,0.0
32,1084.tif,0.0,0.0,97.0,4.0,0.0
33,1085.tif,0.0,2.0,21.0,11.0,0.0
34,1086.tif,0.0,9.0,186.0,116.0,0.0
35,1087.tif,0.0,2.0,13.0,15.0,0.0
36,1088.tif,0.0,0.0,7.0,36.0,0.0
37,1089.tif,0.0,0.0,92.0,53.0,0.0
38,109.tif,0.0,0.0,1412.0,223.0,43.0
39,1090.tif,0.0,0.0,53.0,9.0,0.0
40,1091.tif,0.0,0.0,39.0,5.0,0.0
41,1092.tif,0.0,0.0,18.0,18.0,0.0
42,1094.tif,0.0,4.0,68.0,62.0,0.0
43,1095.tif,0.0,10.0,306.0,88.0,0.0
44,110.tif,0.0,0.0,750.0,19.0,0.0
45,1104.tif,0.0,4.0,5.0,2.0,0.0
46,1106.tif,0.0,0.0,533.0,86.0,0.0
47,1109.tif,0.0,0.0,1082.0,159.0,0.0
48,111.tif,0.0,0.0,186.0,44.0,0.0
49,1114.tif,27.0,2.0,1453.0,103.0,0.0
50,1118.tif,0.0,0.0,198.0,29.0,177.0
51,112.tif,0.0,0.0,272.0,440.0,0.0
52,1120.tif,0.0,0.0,62.0,24.0,8.0
53,1121.tif,0.0,0.0,2192.0,81.0,0.0
54,1124.tif,0.0,0.0,969.0,72.0,0.0
55,1125.tif,0.0,11.0,26.0,0.0,0.0
56,1126.tif,8.0,0.0,398.0,29.0,0.0
57,1127.tif,30.0,2.0,2590.0,636.0,0.0
58,1128.tif,0.0,0.0,564.0,79.0,0.0
59,1129.tif,0.0,0.0,144.0,30.0,0.0
60,1132.tif,0.0,0.0,1203.0,162.0,4.0
61,1133.tif,0.0,0.0,263.0,35.0,0.0
62,1135.tif,1.0,0.0,7.0,2.0,0.0
63,1136.tif,0.0,0.0,48.0,6.0,0.0
64,1139.tif,7.0,10.0,50.0,0.0,0.0
65,1140.tif,0.0,0.0,45.0,9.0,0.0
66,1141.tif,2.0,2.0,136.0,12.0,0.0
67,1142.tif,0.0,0.0,153.0,17.0,2.0
68,1149.tif,0.0,0.0,3.0,0.0,54.0
69,1150.tif,0.0,0.0,386.0,63.0,59.0
70,1154.tif,37.0,11.0,223.0,54.0,0.0
71,1155.tif,0.0,0.0,0.0,0.0,0.0
72,1158.tif,0.0,0.0,132.0,18.0,54.0
73,1164.tif,0.0,6.0,446.0,53.0,0.0
74,1165.tif,0.0,1.0,116.0,25.0,0.0
75,1169.tif,0.0,0.0,75.0,20.0,0.0
76,1175.tif,0.0,0.0,321.0,370.0,0.0
77,1178.tif,0.0,0.0,538.0,68.0,1.0
78,118.tif,0.0,0.0,285.0,136.0,0.0
79,1180.tif,0.0,0.0,597.0,117.0,0.0
80,1181.tif,0.0,0.0,40.0,81.0,0.0
81,1182.tif,0.0,0.0,372.0,36.0,0.0
82,1184.tif,0.0,0.0,96.0,8.0,0.0
83,1185.tif,0.0,0.0,106.0,45.0,0.0
84,1192.tif,0.0,0.0,539.0,323.0,0.0
85,1193.tif,0.0,0.0,241.0,17.0,0.0
86,1196.tif,0.0,0.0,89.0,7.0,0.0
87,1197.tif,0.0,0.0,99.0,10.0,0.0
88,1205.tif,0.0,0.0,263.0,158.0,0.0
89,1206.tif,0.0,0.0,560.0,323.0,0.0
90,1208.tif,0.0,0.0,45.0,32.0,27.0
91,1211.tif,0.0,0.0,1393.0,300.0,0.0
92,1212.tif,0.0,0.0,2944.0,621.0,10.0
93,1216.tif,0.0,0.0,2492.0,261.0,0.0
94,1217.tif,0.0,0.0,4038.0,336.0,35.0
95,1224.tif,0.0,0.0,35.0,13.0,0.0
96,1233.tif,0.0,0.0,148.0,37.0,0.0
97,1237.tif,0.0,0.0,6.0,0.0,0.0
98,124.tif,0.0,0.0,20.0,0.0,3.0
99,1244.tif,0.0,0.0,0.0,1.0,1.0
100,1245.tif,0.0,0.0,3.0,1.0,0.0
101,1246.tif,0.0,0.0,8.0,7.0,1.0
102,125.tif,0.0,0.0,100.0,42.0,0.0
103,1253.tif,0.0,0.0,173.0,20.0,0.0
104,1255.tif,10.0,0.0,82.0,20.0,0.0
105,1256.tif,0.0,0.0,59.0,9.0,0.0
106,126.tif,0.0,0.0,29.0,8.0,2.0
107,1265.tif,0.0,0.0,0.0,0.0,0.0
108,1268.tif,0.0,0.0,53.0,25.0,0.0
109,1278.tif,0.0,0.0,0.0,0.0,2.0
110,128.tif,0.0,0.0,1109.0,45.0,45.0
111,1280.tif,0.0,0.0,0.0,3.0,2.0
112,1284.tif,0.0,0.0,69.0,29.0,3.0
113,1285.tif,0.0,0.0,0.0,2.0,2.0
114,129.tif,1.0,0.0,454.0,52.0,0.0
115,130.tif,7.0,3.0,75.0,36.0,0.0
116,1309.tif,0.0,0.0,163.0,28.0,0.0
117,131.tif,0.0,0.0,194.0,49.0,0.0
118,1311.tif,0.0,0.0,0.0,0.0,1.0
119,1327.tif,0.0,0.0,0.0,0.0,0.0
120,1329.tif,0.0,0.0,98.0,43.0,0.0
121,1346.tif,0.0,0.0,99.0,16.0,0.0
122,1351.tif,0.0,0.0,0.0,0.0,1.0
123,1353.tif,0.0,0.0,0.0,0.0,0.0
124,1357.tif,0.0,0.0,149.0,36.0,92.0
125,136.tif,0.0,0.0,300.0,151.0,0.0
126,1361.tif,0.0,0.0,412.0,34.0,12.0
127,1362.tif,3.0,9.0,612.0,39.0,0.0
128,1364.tif,0.0,0.0,91.0,13.0,0.0
129,1372.tif,0.0,0.0,0.0,0.0,0.0
130,1374.tif,0.0,0.0,0.0,0.0,2.0
131,1378.tif,0.0,0.0,47.0,8.0,67.0
132,1379.tif,0.0,0.0,373.0,75.0,2.0
133,1384.tif,0.0,0.0,43.0,4.0,0.0
134,1385.tif,0.0,0.0,189.0,26.0,0.0
135,1395.tif,0.0,0.0,8.0,0.0,0.0
136,1397.tif,0.0,0.0,220.0,11.0,33.0
137,1399.tif,0.0,0.0,142.0,31.0,4.0
138,140.tif,0.0,0.0,32.0,16.0,0.0
139,1403.tif,0.0,0.0,8.0,11.0,0.0
140,1405.tif,1.0,0.0,128.0,22.0,0.0
141,1406.tif,0.0,0.0,140.0,47.0,0.0
142,1416.tif,0.0,0.0,63.0,3.0,5.0
143,1418.tif,0.0,0.0,346.0,8.0,142.0
144,142.tif,0.0,0.0,3.0,3.0,0.0
145,1420.tif,0.0,0.0,365.0,47.0,35.0
146,1422.tif,0.0,0.0,708.0,20.0,0.0
147,1425.tif,0.0,0.0,150.0,71.0,0.0
148,1428.tif,0.0,0.0,1.0,1.0,0.0
149,1429.tif,0.0,0.0,0.0,0.0,0.0
150,1430.tif,0.0,0.0,1747.0,52.0,0.0
151,1431.tif,0.0,0.0,562.0,151.0,0.0
152,1432.tif,0.0,0.0,664.0,158.0,0.0
153,1436.tif,0.0,0.0,1300.0,60.0,0.0
154,1438.tif,0.0,0.0,173.0,14.0,251.0
155,1439.tif,0.0,0.0,2.0,1.0,2.0
156,144.tif,0.0,0.0,293.0,18.0,21.0
157,1440.tif,0.0,0.0,0.0,0.0,1.0
158,1441.tif,0.0,0.0,785.0,28.0,85.0
159,1442.tif,0.0,0.0,50.0,14.0,23.0
160,1443.tif,0.0,0.0,0.0,0.0,7.0
161,1444.tif,0.0,0.0,1694.0,78.0,0.0
162,1445.tif,0.0,0.0,672.0,23.0,0.0
163,1446.tif,0.0,0.0,1339.0,61.0,8.0
164,1447.tif,0.0,0.0,11.0,53.0,21.0
165,1448.tif,0.0,0.0,561.0,1.0,4.0
166,1449.tif,0.0,0.0,652.0,56.0,0.0
167,145.tif,4.0,7.0,679.0,23.0,0.0
168,1450.tif,0.0,0.0,2647.0,393.0,4.0
169,1451.tif,0.0,0.0,591.0,112.0,0.0
170,1452.tif,0.0,0.0,84.0,123.0,5.0
171,1453.tif,0.0,0.0,0.0,0.0,0.0
172,1454.tif,0.0,0.0,1725.0,138.0,7.0
173,1456.tif,0.0,0.0,183.0,8.0,11.0
174,1457.tif,0.0,0.0,739.0,47.0,0.0
175,1459.tif,0.0,0.0,2392.0,204.0,33.0
176,1460.tif,0.0,3.0,344.0,52.0,0.0
177,1462.tif,0.0,0.0,177.0,19.0,0.0
178,1463.tif,0.0,0.0,0.0,0.0,2.0
179,1465.tif,0.0,0.0,3361.0,106.0,44.0
180,1466.tif,0.0,11.0,298.0,32.0,0.0
181,1467.tif,0.0,0.0,0.0,0.0,7.0
182,1468.tif,0.0,0.0,429.0,34.0,0.0
183,1469.tif,0.0,0.0,0.0,0.0,1.0
184,1472.tif,0.0,0.0,297.0,4.0,335.0
185,1473.tif,0.0,0.0,292.0,19.0,1.0
186,1476.tif,0.0,0.0,169.0,3.0,0.0
187,1478.tif,10.0,0.0,119.0,4.0,0.0
188,1482.tif,0.0,0.0,164.0,14.0,1.0
189,1486.tif,0.0,0.0,210.0,17.0,0.0
190,1487.tif,0.0,0.0,4.0,0.0,0.0
191,149.tif,0.0,0.0,0.0,0.0,0.0
192,1496.tif,0.0,0.0,72.0,41.0,0.0
193,1505.tif,0.0,0.0,116.0,15.0,0.0
194,1507.tif,5.0,0.0,0.0,0.0,0.0
195,1508.tif,1.0,0.0,0.0,0.0,0.0
196,1509.tif,0.0,0.0,1.0,0.0,0.0
197,1511.tif,0.0,0.0,11.0,58.0,0.0
198,1523.tif,0.0,0.0,50.0,55.0,0.0
199,1529.tif,0.0,0.0,749.0,87.0,0.0
200,1530.tif,0.0,0.0,106.0,34.0,0.0
201,1559.tif,0.0,0.0,3.0,2.0,0.0
202,1562.tif,0.0,0.0,0.0,0.0,0.0
203,1565.tif,0.0,3.0,317.0,25.0,0.0
204,1568.tif,0.0,6.0,149.0,29.0,0.0
205,157.tif,1.0,4.0,1893.0,74.0,0.0
206,1577.tif,0.0,0.0,1.0,0.0,0.0
207,1579.tif,0.0,0.0,1.0,1.0,0.0
208,158.tif,0.0,0.0,283.0,35.0,0.0
209,1580.tif,0.0,0.0,37.0,7.0,0.0
210,1581.tif,0.0,0.0,0.0,0.0,0.0
211,1584.tif,1.0,0.0,179.0,10.0,0.0
212,1585.tif,3.0,0.0,733.0,47.0,0.0
213,1586.tif,0.0,0.0,734.0,98.0,0.0
214,1587.tif,0.0,6.0,1011.0,68.0,0.0
215,159.tif,0.0,0.0,0.0,0.0,2.0
216,1590.tif,0.0,9.0,120.0,81.0,0.0
217,1593.tif,0.0,14.0,12.0,36.0,0.0
218,1600.tif,0.0,0.0,4.0,15.0,0.0
219,1602.tif,0.0,0.0,27.0,20.0,0.0
220,1604.tif,0.0,0.0,2.0,0.0,0.0
221,1606.tif,1.0,0.0,545.0,24.0,0.0
222,1607.tif,0.0,0.0,486.0,17.0,0.0
223,1608.tif,0.0,0.0,1268.0,89.0,0.0
224,1610.tif,0.0,1.0,563.0,236.0,0.0
225,1624.tif,0.0,0.0,1.0,5.0,0.0
226,1625.tif,0.0,0.0,1.0,0.0,0.0
227,163.tif,0.0,0.0,0.0,0.0,2.0
228,1630.tif,0.0,0.0,12.0,0.0,57.0
229,1633.tif,0.0,0.0,4.0,0.0,39.0
230,1647.tif,0.0,0.0,0.0,0.0,0.0
231,1649.tif,0.0,0.0,0.0,0.0,0.0
232,1651.tif,0.0,0.0,1.0,0.0,0.0
233,1653.tif,1.0,2.0,3.0,1.0,0.0
234,1654.tif,0.0,0.0,8.0,0.0,71.0
235,1656.tif,0.0,0.0,7.0,0.0,160.0
236,1673.tif,0.0,0.0,101.0,46.0,0.0
237,1675.tif,0.0,3.0,222.0,70.0,0.0
238,1677.tif,0.0,8.0,1561.0,43.0,0.0
239,1679.tif,0.0,1.0,72.0,10.0,0.0
240,1690.tif,2.0,14.0,482.0,59.0,0.0
241,1692.tif,7.0,12.0,530.0,45.0,0.0
242,1694.tif,0.0,0.0,107.0,37.0,0.0
243,1695.tif,0.0,0.0,99.0,139.0,0.0
244,1701.tif,0.0,0.0,614.0,44.0,0.0
245,1702.tif,0.0,1.0,314.0,47.0,224.0
246,1703.tif,2.0,19.0,1270.0,35.0,0.0
247,1707.tif,0.0,0.0,7.0,4.0,35.0
248,1739.tif,0.0,0.0,0.0,1.0,0.0
249,1740.tif,0.0,0.0,12.0,9.0,0.0
250,1741.tif,0.0,0.0,5.0,22.0,0.0
251,1743.tif,0.0,0.0,0.0,0.0,0.0
252,1749.tif,0.0,0.0,5.0,3.0,0.0
253,1767.tif,0.0,0.0,0.0,0.0,0.0
254,1768.tif,0.0,0.0,0.0,0.0,1.0
255,1769.tif,0.0,0.0,3.0,0.0,0.0
256,1770.tif,0.0,0.0,0.0,0.0,0.0
257,1772.tif,0.0,0.0,0.0,0.0,0.0
258,1782.tif,0.0,0.0,0.0,0.0,0.0
259,1783.tif,0.0,0.0,2.0,1.0,0.0
260,1784.tif,0.0,0.0,0.0,0.0,0.0
261,1786.tif,0.0,0.0,0.0,0.0,0.0
262,1787.tif,0.0,0.0,1.0,4.0,0.0
263,1788.tif,0.0,0.0,0.0,1.0,1.0
264,1789.tif,0.0,0.0,0.0,0.0,0.0
265,1795.tif,0.0,0.0,1.0,5.0,0.0
266,1799.tif,0.0,0.0,0.0,0.0,0.0
267,18.tif,0.0,0.0,1555.0,108.0,15.0
268,180.tif,0.0,0.0,18.0,14.0,0.0
269,1801.tif,0.0,0.0,0.0,3.0,0.0
270,1806.tif,0.0,0.0,347.0,32.0,0.0
271,1807.tif,0.0,0.0,213.0,28.0,0.0
272,1809.tif,0.0,0.0,263.0,15.0,0.0
273,181.tif,0.0,0.0,24.0,8.0,0.0
274,1810.tif,17.0,0.0,151.0,12.0,0.0
275,1815.tif,0.0,0.0,442.0,23.0,0.0
276,1817.tif,24.0,2.0,226.0,41.0,0.0
277,1818.tif,0.0,0.0,1.0,0.0,0.0
278,1820.tif,0.0,0.0,8.0,66.0,26.0
279,1821.tif,0.0,0.0,0.0,0.0,7.0
280,1823.tif,0.0,0.0,93.0,22.0,0.0
281,1824.tif,0.0,0.0,29.0,57.0,41.0
282,1825.tif,0.0,0.0,0.0,0.0,2.0
283,1827.tif,0.0,0.0,6.0,6.0,0.0
284,1828.tif,0.0,0.0,0.0,0.0,3.0
285,1829.tif,0.0,0.0,0.0,0.0,2.0
286,1831.tif,0.0,0.0,56.0,41.0,27.0
287,1832.tif,0.0,0.0,449.0,18.0,3.0
288,1834.tif,0.0,0.0,318.0,55.0,0.0
289,1838.tif,0.0,3.0,1013.0,39.0,0.0
290,1840.tif,0.0,0.0,142.0,40.0,0.0
291,1841.tif,1.0,2.0,0.0,0.0,0.0
292,1845.tif,0.0,0.0,358.0,28.0,0.0
293,1847.tif,0.0,0.0,191.0,20.0,0.0
294,1848.tif,0.0,0.0,28.0,212.0,43.0
295,1849.tif,0.0,0.0,0.0,0.0,12.0
296,1855.tif,0.0,0.0,3.0,19.0,1.0
297,1856.tif,0.0,0.0,5.0,127.0,9.0
298,1858.tif,0.0,0.0,2.0,8.0,16.0
299,1863.tif,0.0,0.0,61.0,3.0,0.0
300,1870.tif,0.0,0.0,146.0,20.0,0.0
301,1875.tif,0.0,1.0,12.0,0.0,0.0
302,1880.tif,0.0,0.0,611.0,25.0,0.0
303,1881.tif,0.0,0.0,65.0,3.0,0.0
304,1883.tif,9.0,6.0,867.0,6.0,0.0
305,1886.tif,1.0,1.0,63.0,0.0,0.0
306,1887.tif,0.0,0.0,49.0,1.0,0.0
307,1888.tif,0.0,0.0,0.0,0.0,0.0
308,1889.tif,0.0,0.0,17.0,0.0,0.0
309,1891.tif,0.0,0.0,369.0,27.0,0.0
310,1892.tif,0.0,0.0,238.0,21.0,0.0
311,1893.tif,0.0,0.0,37.0,1.0,0.0
312,1894.tif,0.0,0.0,10.0,0.0,4.0
313,1896.tif,0.0,0.0,157.0,467.0,32.0
314,1897.tif,0.0,2.0,108.0,2.0,0.0
315,1898.tif,0.0,5.0,66.0,6.0,0.0
316,1899.tif,3.0,8.0,28.0,11.0,0.0
317,1900.tif,0.0,0.0,6.0,0.0,0.0
318,1902.tif,0.0,0.0,113.0,0.0,0.0
319,1904.tif,0.0,0.0,0.0,0.0,2.0
320,1906.tif,0.0,0.0,583.0,45.0,26.0
321,1907.tif,0.0,0.0,3.0,0.0,6.0
322,1908.tif,0.0,0.0,72.0,2.0,0.0
323,1910.tif,0.0,0.0,228.0,5.0,0.0
324,1912.tif,0.0,0.0,206.0,16.0,0.0
325,1913.tif,0.0,0.0,147.0,7.0,0.0
326,1914.tif,0.0,0.0,52.0,4.0,0.0
327,1918.tif,0.0,0.0,9.0,1.0,18.0
328,1919.tif,0.0,0.0,28.0,125.0,14.0
329,1920.tif,0.0,0.0,212.0,199.0,76.0
330,1921.tif,0.0,0.0,93.0,155.0,0.0
331,1922.tif,0.0,0.0,1137.0,88.0,0.0
332,1926.tif,0.0,0.0,0.0,0.0,1.0
333,1927.tif,0.0,0.0,19.0,18.0,0.0
334,1928.tif,0.0,0.0,0.0,0.0,1.0
335,1929.tif,0.0,0.0,302.0,187.0,0.0
336,193.tif,0.0,0.0,5.0,2.0,0.0
337,1930.tif,0.0,0.0,0.0,0.0,5.0
338,1931.tif,0.0,0.0,1613.0,287.0,15.0
339,1932.tif,0.0,0.0,457.0,62.0,0.0
340,1938.tif,0.0,0.0,60.0,28.0,4.0
341,1940.tif,0.0,0.0,241.0,89.0,1.0
342,1945.tif,1.0,15.0,1384.0,154.0,0.0
343,1961.tif,0.0,0.0,9.0,27.0,0.0
344,1963.tif,0.0,0.0,3.0,1.0,0.0
345,1964.tif,0.0,0.0,6.0,8.0,0.0
346,1972.tif,0.0,0.0,0.0,1.0,0.0
347,1973.tif,0.0,0.0,0.0,0.0,0.0
348,1976.tif,0.0,0.0,50.0,6.0,0.0
349,1980.tif,0.0,1.0,897.0,61.0,0.0
350,1982.tif,0.0,0.0,1986.0,90.0,0.0
351,1983.tif,0.0,0.0,5.0,6.0,0.0
352,1985.tif,0.0,0.0,14.0,26.0,0.0
353,1987.tif,0.0,0.0,846.0,154.0,0.0
354,1988.tif,0.0,0.0,2.0,0.0,0.0
355,20.tif,0.0,0.0,104.0,104.0,0.0
356,2000.tif,0.0,0.0,0.0,3.0,0.0
357,2004.tif,0.0,0.0,130.0,43.0,0.0
358,2008.tif,0.0,0.0,2344.0,230.0,3.0
359,2009.tif,0.0,0.0,1116.0,125.0,79.0
360,2010.tif,0.0,0.0,260.0,65.0,75.0
361,2011.tif,0.0,0.0,853.0,171.0,10.0
362,2012.tif,0.0,0.0,79.0,23.0,1.0
363,2014.tif,0.0,0.0,933.0,131.0,0.0
364,2017.tif,0.0,0.0,2521.0,142.0,1.0
365,2020.tif,0.0,0.0,357.0,68.0,0.0
366,2021.tif,0.0,0.0,541.0,58.0,0.0
367,2026.tif,0.0,0.0,1748.0,84.0,0.0
368,2029.tif,0.0,0.0,882.0,57.0,0.0
369,203.tif,1.0,12.0,484.0,51.0,0.0
370,2031.tif,0.0,0.0,607.0,47.0,0.0
371,2032.tif,0.0,0.0,283.0,22.0,0.0
372,2036.tif,0.0,0.0,204.0,45.0,0.0
373,2042.tif,0.0,0.0,91.0,10.0,0.0
374,2044.tif,0.0,0.0,651.0,25.0,0.0
375,2053.tif,0.0,0.0,85.0,6.0,0.0
376,2055.tif,0.0,0.0,6.0,26.0,0.0
377,2062.tif,0.0,0.0,60.0,12.0,0.0
378,2064.tif,2.0,4.0,786.0,55.0,0.0
379,2072.tif,0.0,1.0,114.0,11.0,0.0
380,2078.tif,1.0,0.0,1180.0,62.0,0.0
381,2094.tif,0.0,0.0,2.0,0.0,0.0
382,2106.tif,0.0,0.0,26.0,2.0,0.0
383,2108.tif,0.0,0.0,0.0,0.0,0.0
384,2110.tif,1.0,0.0,8.0,0.0,0.0
385,2112.tif,0.0,0.0,5.0,0.0,0.0
386,2114.tif,1.0,1.0,24.0,1.0,0.0
387,2115.tif,0.0,0.0,0.0,0.0,0.0
388,2118.tif,0.0,0.0,78.0,8.0,0.0
389,2122.tif,78.0,21.0,941.0,23.0,0.0
390,2124.tif,0.0,0.0,12.0,6.0,0.0
391,2125.tif,0.0,0.0,98.0,0.0,0.0
392,2128.tif,0.0,0.0,238.0,116.0,11.0
393,2130.tif,0.0,0.0,438.0,9.0,3.0
394,2131.tif,0.0,1.0,650.0,16.0,0.0
395,2139.tif,0.0,3.0,295.0,107.0,0.0
396,2142.tif,1.0,3.0,1070.0,64.0,0.0
397,2145.tif,6.0,12.0,80.0,1.0,0.0
398,2148.tif,0.0,0.0,753.0,53.0,2.0
399,2150.tif,0.0,0.0,65.0,4.0,0.0
400,2159.tif,0.0,0.0,3.0,5.0,0.0
401,216.tif,0.0,1.0,1.0,0.0,0.0
402,2160.tif,0.0,20.0,343.0,31.0,0.0
403,2162.tif,2.0,0.0,447.0,17.0,0.0
404,2168.tif,2.0,6.0,48.0,0.0,0.0
405,217.tif,0.0,0.0,4015.0,9.0,0.0
406,2179.tif,0.0,12.0,549.0,26.0,0.0
407,2181.tif,8.0,2.0,383.0,18.0,0.0
408,2193.tif,0.0,4.0,461.0,36.0,0.0
409,2197.tif,0.0,0.0,204.0,6.0,0.0
410,2207.tif,0.0,0.0,251.0,7.0,2.0
411,2214.tif,0.0,1.0,77.0,116.0,0.0
412,2215.tif,0.0,4.0,873.0,16.0,0.0
413,2225.tif,0.0,0.0,77.0,23.0,0.0
414,223.tif,0.0,0.0,3.0,1.0,0.0
415,2230.tif,0.0,3.0,206.0,57.0,0.0
416,2237.tif,0.0,0.0,111.0,8.0,0.0
417,2239.tif,1.0,3.0,15.0,16.0,0.0
418,2242.tif,0.0,0.0,15.0,0.0,0.0
419,2247.tif,0.0,0.0,0.0,0.0,0.0
420,2250.tif,0.0,4.0,45.0,2.0,0.0
421,2251.tif,0.0,1.0,1.0,0.0,0.0
422,2261.tif,0.0,0.0,28.0,2.0,0.0
423,2264.tif,0.0,0.0,1.0,0.0,0.0
424,2268.tif,0.0,0.0,0.0,0.0,1.0
425,2269.tif,0.0,0.0,290.0,0.0,0.0
426,2270.tif,0.0,0.0,0.0,0.0,1.0
427,2278.tif,0.0,0.0,0.0,0.0,20.0
428,2279.tif,0.0,0.0,23.0,10.0,264.0
429,2281.tif,0.0,0.0,3.0,12.0,1.0
430,2292.tif,0.0,0.0,134.0,43.0,159.0
431,2293.tif,0.0,0.0,276.0,179.0,5.0
432,2294.tif,0.0,0.0,52.0,27.0,5.0
433,2301.tif,0.0,0.0,789.0,50.0,0.0
434,2303.tif,0.0,0.0,180.0,45.0,0.0
435,2305.tif,0.0,0.0,401.0,131.0,0.0
436,2306.tif,0.0,0.0,198.0,17.0,0.0
437,2308.tif,0.0,1.0,1389.0,195.0,0.0
438,2309.tif,6.0,18.0,44.0,8.0,0.0
439,2310.tif,0.0,0.0,60.0,42.0,2.0
440,2313.tif,0.0,1.0,1209.0,171.0,0.0
441,2314.tif,2.0,7.0,474.0,43.0,0.0
442,2315.tif,8.0,2.0,11.0,0.0,0.0
443,2316.tif,0.0,0.0,0.0,0.0,0.0
444,2318.tif,1.0,0.0,206.0,64.0,0.0
445,2320.tif,0.0,0.0,29.0,5.0,0.0
446,2322.tif,0.0,0.0,317.0,183.0,0.0
447,2325.tif,0.0,0.0,72.0,8.0,0.0
448,2326.tif,0.0,0.0,0.0,0.0,0.0
449,2334.tif,0.0,0.0,10.0,6.0,0.0
450,2341.tif,1.0,19.0,83.0,13.0,0.0
451,2353.tif,0.0,0.0,467.0,36.0,0.0
452,2354.tif,0.0,0.0,713.0,101.0,0.0
453,2355.tif,1.0,0.0,329.0,48.0,0.0
454,2356.tif,0.0,0.0,353.0,36.0,0.0
455,2359.tif,0.0,0.0,49.0,50.0,0.0
456,2361.tif,0.0,0.0,42.0,16.0,0.0
457,2365.tif,0.0,0.0,218.0,3.0,0.0
458,237.tif,0.0,0.0,5.0,0.0,0.0
459,2370.tif,1.0,1.0,1295.0,239.0,0.0
460,2371.tif,11.0,2.0,938.0,52.0,0.0
461,2373.tif,0.0,0.0,1.0,4.0,0.0
462,2375.tif,0.0,0.0,599.0,116.0,0.0
463,238.tif,0.0,0.0,41.0,0.0,0.0
464,2382.tif,0.0,0.0,289.0,64.0,17.0
465,2384.tif,0.0,0.0,1352.0,239.0,0.0
466,2386.tif,42.0,5.0,1103.0,60.0,0.0
467,2387.tif,0.0,0.0,833.0,16.0,0.0
468,2389.tif,0.0,0.0,2.0,7.0,0.0
469,2391.tif,0.0,8.0,3317.0,202.0,0.0
470,2398.tif,0.0,0.0,1172.0,157.0,0.0
471,2399.tif,13.0,14.0,807.0,45.0,0.0
472,24.tif,0.0,0.0,441.0,92.0,0.0
473,2400.tif,0.0,0.0,76.0,73.0,0.0
474,2405.tif,0.0,0.0,131.0,49.0,0.0
475,2408.tif,0.0,0.0,257.0,71.0,0.0
476,2413.tif,0.0,0.0,52.0,13.0,0.0
477,2414.tif,0.0,0.0,18.0,4.0,0.0
478,2416.tif,0.0,0.0,180.0,25.0,0.0
479,2421.tif,0.0,0.0,101.0,25.0,0.0
480,2423.tif,0.0,0.0,1007.0,223.0,0.0
481,2425.tif,0.0,0.0,5.0,12.0,0.0
482,2436.tif,0.0,0.0,24.0,50.0,0.0
483,2438.tif,0.0,0.0,39.0,11.0,0.0
484,2440.tif,0.0,0.0,79.0,30.0,0.0
485,2454.tif,0.0,0.0,0.0,0.0,0.0
486,2455.tif,0.0,0.0,0.0,0.0,0.0
487,2459.tif,0.0,0.0,208.0,444.0,0.0
488,2460.tif,0.0,0.0,367.0,163.0,14.0
489,2462.tif,0.0,0.0,6.0,0.0,0.0
490,2468.tif,0.0,0.0,0.0,0.0,5.0
491,2469.tif,0.0,0.0,0.0,0.0,1.0
492,2470.tif,0.0,0.0,113.0,198.0,0.0
493,2471.tif,0.0,0.0,0.0,0.0,0.0
494,2472.tif,0.0,0.0,1477.0,215.0,0.0
495,2475.tif,0.0,0.0,170.0,6.0,20.0
496,2482.tif,0.0,0.0,143.0,42.0,0.0
497,2484.tif,0.0,0.0,0.0,0.0,0.0
498,2485.tif,0.0,0.0,0.0,0.0,4.0
499,2486.tif,0.0,0.0,0.0,0.0,0.0
500,2487.tif,0.0,0.0,0.0,0.0,5.0
501,2489.tif,0.0,1.0,0.0,1.0,2.0
502,2490.tif,0.0,0.0,0.0,2.0,0.0
503,2493.tif,0.0,0.0,119.0,168.0,0.0
504,2495.tif,0.0,0.0,0.0,0.0,0.0
505,2497.tif,0.0,0.0,166.0,93.0,0.0
506,2498.tif,0.0,2.0,121.0,13.0,0.0
507,2499.tif,0.0,0.0,81.0,75.0,0.0
508,2503.tif,0.0,1.0,0.0,0.0,0.0
509,2504.tif,0.0,0.0,0.0,0.0,0.0
510,2505.tif,0.0,0.0,119.0,12.0,11.0
511,2507.tif,0.0,0.0,89.0,26.0,0.0
512,2509.tif,0.0,0.0,174.0,27.0,0.0
513,2510.tif,1.0,2.0,100.0,14.0,0.0
514,2511.tif,0.0,0.0,3.0,38.0,0.0
515,2513.tif,0.0,3.0,62.0,8.0,3.0
516,2514.tif,0.0,3.0,85.0,7.0,0.0
517,2515.tif,0.0,0.0,380.0,5.0,0.0
518,2516.tif,0.0,1.0,5.0,5.0,0.0
519,2518.tif,3.0,15.0,119.0,16.0,0.0
520,2519.tif,0.0,0.0,79.0,13.0,0.0
521,252.tif,0.0,0.0,377.0,56.0,2.0
522,2520.tif,0.0,1.0,15.0,79.0,0.0
523,2521.tif,0.0,0.0,40.0,23.0,0.0
524,2523.tif,0.0,15.0,5.0,9.0,0.0
525,2524.tif,0.0,6.0,1333.0,34.0,0.0
526,2530.tif,0.0,9.0,58.0,31.0,0.0
527,2531.tif,0.0,19.0,56.0,8.0,0.0
528,2532.tif,0.0,8.0,525.0,28.0,0.0
529,2538.tif,0.0,0.0,0.0,0.0,2.0
530,254.tif,0.0,0.0,389.0,46.0,0.0
531,2541.tif,0.0,0.0,2.0,2.0,1.0
532,2542.tif,0.0,0.0,395.0,57.0,0.0
533,2543.tif,0.0,0.0,1173.0,191.0,0.0
534,2544.tif,0.0,0.0,590.0,157.0,0.0
535,2545.tif,0.0,0.0,76.0,4.0,121.0
536,2547.tif,0.0,0.0,1.0,0.0,7.0
537,2550.tif,0.0,0.0,1017.0,177.0,0.0
538,2552.tif,0.0,0.0,530.0,67.0,0.0
539,2555.tif,0.0,0.0,3.0,2.0,64.0
540,2557.tif,0.0,0.0,10.0,12.0,13.0
541,2559.tif,0.0,0.0,4.0,0.0,2.0
542,2560.tif,0.0,0.0,741.0,51.0,227.0
543,2561.tif,0.0,0.0,149.0,144.0,0.0
544,2562.tif,0.0,0.0,1332.0,70.0,170.0
545,2564.tif,0.0,0.0,990.0,44.0,293.0
546,2565.tif,0.0,0.0,443.0,240.0,0.0
547,2567.tif,0.0,0.0,1523.0,40.0,1.0
548,2568.tif,0.0,0.0,364.0,46.0,0.0
549,2571.tif,0.0,0.0,361.0,28.0,66.0
550,2573.tif,0.0,0.0,1.0,0.0,0.0
551,2574.tif,0.0,0.0,424.0,68.0,16.0
552,2584.tif,0.0,0.0,227.0,36.0,1.0
553,2587.tif,0.0,0.0,23.0,5.0,1.0
554,2589.tif,0.0,0.0,8.0,2.0,0.0
555,2591.tif,0.0,0.0,907.0,63.0,0.0
556,2596.tif,0.0,0.0,12.0,7.0,0.0
557,2599.tif,0.0,0.0,1269.0,110.0,3.0
558,2606.tif,0.0,0.0,113.0,109.0,0.0
559,2608.tif,0.0,0.0,27.0,3.0,0.0
560,2609.tif,0.0,0.0,32.0,18.0,0.0
561,2618.tif,0.0,0.0,21.0,100.0,0.0
562,2619.tif,0.0,0.0,193.0,21.0,1.0
563,282.tif,0.0,0.0,248.0,32.0,0.0
564,283.tif,0.0,0.0,433.0,54.0,0.0
565,285.tif,0.0,0.0,635.0,64.0,0.0
566,287.tif,0.0,0.0,283.0,44.0,0.0
567,289.tif,0.0,0.0,18.0,5.0,0.0
568,291.tif,0.0,0.0,5.0,9.0,0.0
569,293.tif,0.0,0.0,11.0,3.0,0.0
570,294.tif,0.0,3.0,2.0,6.0,0.0
571,295.tif,1.0,3.0,708.0,36.0,0.0
572,296.tif,0.0,0.0,66.0,18.0,0.0
573,302.tif,0.0,3.0,658.0,48.0,0.0
574,303.tif,2.0,9.0,289.0,7.0,0.0
575,307.tif,0.0,0.0,3.0,0.0,0.0
576,309.tif,0.0,0.0,24.0,11.0,0.0
577,31.tif,0.0,0.0,163.0,139.0,18.0
578,310.tif,0.0,5.0,20.0,10.0,0.0
579,311.tif,0.0,10.0,685.0,241.0,0.0
580,315.tif,0.0,0.0,109.0,10.0,0.0
581,317.tif,0.0,0.0,12.0,5.0,0.0
582,320.tif,0.0,0.0,360.0,63.0,0.0
583,321.tif,0.0,0.0,226.0,49.0,0.0
584,322.tif,0.0,0.0,1279.0,55.0,0.0
585,323.tif,0.0,0.0,167.0,3.0,0.0
586,324.tif,0.0,0.0,3.0,1.0,0.0
587,325.tif,0.0,0.0,11.0,3.0,0.0
588,33.tif,0.0,0.0,56.0,9.0,0.0
589,331.tif,0.0,0.0,2.0,1.0,0.0
590,333.tif,0.0,0.0,47.0,3.0,0.0
591,340.tif,1.0,0.0,3.0,0.0,0.0
592,342.tif,1.0,0.0,92.0,8.0,0.0
593,343.tif,0.0,0.0,6.0,0.0,0.0
594,345.tif,0.0,1.0,913.0,21.0,0.0
595,355.tif,0.0,0.0,118.0,95.0,0.0
596,360.tif,0.0,0.0,479.0,102.0,0.0
597,362.tif,0.0,0.0,1101.0,141.0,0.0
598,370.tif,0.0,0.0,7.0,2.0,0.0
599,371.tif,0.0,0.0,2.0,0.0,0.0
600,372.tif,0.0,0.0,64.0,34.0,0.0
601,373.tif,0.0,0.0,5.0,5.0,0.0
602,374.tif,0.0,0.0,0.0,0.0,0.0
603,375.tif,0.0,0.0,0.0,0.0,0.0
604,377.tif,0.0,0.0,1.0,12.0,0.0
605,378.tif,0.0,0.0,0.0,0.0,0.0
606,379.tif,0.0,0.0,107.0,38.0,0.0
607,38.tif,0.0,0.0,298.0,51.0,0.0
608,380.tif,0.0,0.0,0.0,0.0,0.0
609,381.tif,0.0,0.0,1.0,1.0,0.0
610,382.tif,0.0,0.0,1.0,0.0,0.0
611,386.tif,0.0,0.0,0.0,0.0,0.0
612,389.tif,0.0,0.0,6.0,6.0,0.0
613,393.tif,0.0,0.0,1.0,1.0,0.0
614,394.tif,0.0,0.0,0.0,4.0,0.0
615,399.tif,0.0,0.0,36.0,25.0,0.0
616,40.tif,0.0,0.0,110.0,40.0,0.0
617,401.tif,0.0,0.0,0.0,0.0,0.0
618,407.tif,0.0,0.0,2.0,0.0,0.0
619,41.tif,0.0,0.0,105.0,67.0,0.0
620,414.tif,0.0,0.0,12.0,13.0,0.0
621,415.tif,0.0,0.0,0.0,0.0,0.0
622,418.tif,0.0,0.0,2255.0,105.0,0.0
623,42.tif,0.0,0.0,452.0,40.0,0.0
624,422.tif,0.0,0.0,0.0,1.0,0.0
625,423.tif,0.0,0.0,1.0,1.0,0.0
626,43.tif,0.0,0.0,182.0,105.0,0.0
627,430.tif,0.0,0.0,1.0,1.0,0.0
628,432.tif,0.0,0.0,80.0,25.0,0.0
629,433.tif,0.0,0.0,4.0,4.0,0.0
630,434.tif,0.0,0.0,0.0,2.0,0.0
631,437.tif,0.0,0.0,0.0,0.0,0.0
632,445.tif,0.0,0.0,0.0,0.0,0.0
633,451.tif,0.0,0.0,1.0,5.0,0.0
634,455.tif,0.0,0.0,0.0,0.0,0.0
635,457.tif,0.0,0.0,1.0,0.0,0.0
636,46.tif,0.0,0.0,498.0,49.0,0.0
637,462.tif,0.0,0.0,0.0,0.0,0.0
638,463.tif,0.0,0.0,0.0,0.0,0.0
639,464.tif,0.0,0.0,1.0,1.0,0.0
640,465.tif,0.0,0.0,2.0,0.0,0.0
641,469.tif,0.0,0.0,11.0,20.0,0.0
642,47.tif,0.0,0.0,389.0,86.0,0.0
643,473.tif,0.0,0.0,0.0,0.0,0.0
644,474.tif,0.0,0.0,0.0,0.0,0.0
645,481.tif,0.0,0.0,10.0,10.0,0.0
646,484.tif,0.0,0.0,2.0,4.0,0.0
647,486.tif,0.0,0.0,2.0,2.0,0.0
648,488.tif,0.0,0.0,7.0,3.0,0.0
649,492.tif,0.0,0.0,30.0,0.0,0.0
650,493.tif,0.0,0.0,3.0,0.0,0.0
651,494.tif,0.0,0.0,0.0,0.0,2.0
652,498.tif,0.0,0.0,0.0,0.0,0.0
653,5.tif,0.0,0.0,233.0,76.0,4.0
654,500.tif,0.0,0.0,7.0,29.0,0.0
655,506.tif,0.0,0.0,1.0,6.0,0.0
656,509.tif,0.0,0.0,296.0,41.0,15.0
657,510.tif,0.0,0.0,14.0,9.0,0.0
658,512.tif,0.0,0.0,10.0,8.0,0.0
659,513.tif,0.0,0.0,38.0,3.0,15.0
660,517.tif,0.0,0.0,0.0,0.0,0.0
661,520.tif,0.0,0.0,0.0,3.0,0.0
662,521.tif,0.0,0.0,8.0,1.0,0.0
663,523.tif,0.0,0.0,1269.0,319.0,0.0
664,525.tif,0.0,20.0,1222.0,130.0,0.0
665,529.tif,0.0,0.0,1.0,4.0,0.0
666,53.tif,0.0,0.0,334.0,20.0,0.0
667,531.tif,0.0,0.0,1145.0,42.0,1.0
668,532.tif,0.0,0.0,34.0,3.0,0.0
669,534.tif,0.0,0.0,9.0,22.0,0.0
670,535.tif,0.0,0.0,719.0,38.0,8.0
671,537.tif,0.0,0.0,2.0,6.0,0.0
672,538.tif,0.0,0.0,0.0,0.0,0.0
673,540.tif,0.0,0.0,22.0,14.0,0.0
674,541.tif,0.0,0.0,0.0,1.0,0.0
675,546.tif,0.0,25.0,1275.0,66.0,0.0
676,548.tif,0.0,7.0,1522.0,66.0,0.0
677,552.tif,0.0,0.0,0.0,0.0,0.0
678,556.tif,0.0,0.0,46.0,23.0,0.0
679,557.tif,0.0,0.0,2.0,1.0,0.0
680,559.tif,0.0,0.0,41.0,67.0,0.0
681,561.tif,0.0,0.0,77.0,43.0,0.0
682,562.tif,0.0,11.0,1135.0,99.0,0.0
683,563.tif,0.0,0.0,8.0,7.0,0.0
684,567.tif,0.0,0.0,0.0,0.0,0.0
685,568.tif,0.0,0.0,169.0,40.0,0.0
686,569.tif,0.0,0.0,526.0,60.0,0.0
687,574.tif,0.0,0.0,7.0,23.0,0.0
688,575.tif,0.0,0.0,5.0,8.0,0.0
689,579.tif,0.0,0.0,12.0,18.0,0.0
690,580.tif,0.0,0.0,0.0,0.0,0.0
691,584.tif,0.0,0.0,4.0,3.0,0.0
692,587.tif,4.0,14.0,76.0,19.0,0.0
693,593.tif,0.0,0.0,11.0,0.0,0.0
694,594.tif,0.0,0.0,8.0,12.0,0.0
695,595.tif,0.0,0.0,0.0,1.0,0.0
696,596.tif,0.0,0.0,0.0,0.0,0.0
697,598.tif,0.0,0.0,25.0,34.0,0.0
698,600.tif,1.0,4.0,1400.0,138.0,0.0
699,601.tif,0.0,0.0,0.0,0.0,0.0
700,604.tif,0.0,0.0,1.0,2.0,0.0
701,605.tif,0.0,0.0,1.0,0.0,0.0
702,606.tif,0.0,0.0,1.0,0.0,0.0
703,608.tif,0.0,0.0,5.0,0.0,0.0
704,609.tif,0.0,0.0,6.0,10.0,0.0
705,610.tif,0.0,0.0,66.0,12.0,0.0
706,611.tif,0.0,0.0,0.0,0.0,0.0
707,612.tif,0.0,0.0,0.0,0.0,0.0
708,613.tif,0.0,0.0,7.0,12.0,0.0
709,614.tif,0.0,0.0,21.0,44.0,0.0
710,615.tif,0.0,0.0,6.0,23.0,0.0
711,617.tif,0.0,0.0,0.0,67.0,0.0
712,618.tif,0.0,0.0,38.0,5.0,0.0
713,619.tif,0.0,0.0,2.0,1.0,0.0
714,620.tif,0.0,0.0,0.0,0.0,0.0
715,621.tif,0.0,0.0,0.0,2.0,0.0
716,622.tif,0.0,0.0,0.0,0.0,0.0
717,626.tif,0.0,0.0,0.0,0.0,0.0
718,627.tif,0.0,0.0,0.0,1.0,0.0
719,629.tif,0.0,0.0,13.0,10.0,0.0
720,635.tif,0.0,0.0,1.0,0.0,0.0
721,637.tif,0.0,0.0,0.0,5.0,0.0
722,639.tif,0.0,0.0,4.0,0.0,0.0
723,641.tif,0.0,0.0,0.0,1.0,0.0
724,647.tif,0.0,0.0,28.0,8.0,0.0
725,650.tif,0.0,0.0,0.0,1.0,0.0
726,652.tif,0.0,0.0,0.0,0.0,0.0
727,658.tif,0.0,0.0,6.0,1.0,0.0
728,659.tif,0.0,0.0,0.0,0.0,0.0
729,665.tif,0.0,0.0,4.0,9.0,0.0
730,669.tif,0.0,0.0,16.0,10.0,0.0
731,670.tif,0.0,0.0,1.0,21.0,0.0
732,671.tif,0.0,0.0,1.0,0.0,0.0
733,672.tif,0.0,0.0,0.0,1.0,0.0
734,674.tif,0.0,0.0,0.0,0.0,0.0
735,680.tif,0.0,0.0,1.0,0.0,0.0
736,682.tif,0.0,0.0,3.0,0.0,0.0
737,684.tif,0.0,0.0,0.0,0.0,0.0
738,69.tif,0.0,0.0,9.0,0.0,0.0
739,692.tif,0.0,0.0,0.0,0.0,0.0
740,694.tif,0.0,0.0,0.0,0.0,0.0
741,708.tif,0.0,0.0,0.0,0.0,0.0
742,709.tif,0.0,0.0,2.0,6.0,0.0
743,711.tif,0.0,0.0,5.0,2.0,0.0
744,712.tif,0.0,0.0,24.0,5.0,0.0
745,716.tif,0.0,1.0,121.0,33.0,0.0
746,72.tif,0.0,0.0,399.0,83.0,0.0
747,720.tif,0.0,0.0,4.0,1.0,0.0
748,724.tif,0.0,0.0,113.0,24.0,0.0
749,727.tif,0.0,0.0,1.0,1.0,0.0
750,73.tif,0.0,0.0,681.0,177.0,4.0
751,732.tif,0.0,0.0,0.0,0.0,0.0
752,734.tif,0.0,0.0,0.0,0.0,0.0
753,735.tif,0.0,0.0,59.0,24.0,0.0
754,74.tif,0.0,0.0,716.0,18.0,0.0
755,740.tif,2.0,0.0,7.0,0.0,0.0
756,741.tif,0.0,0.0,36.0,4.0,0.0
757,742.tif,0.0,0.0,0.0,0.0,0.0
758,744.tif,0.0,0.0,15.0,0.0,0.0
759,75.tif,0.0,0.0,907.0,11.0,0.0
760,752.tif,0.0,0.0,0.0,1.0,0.0
761,756.tif,0.0,0.0,72.0,6.0,0.0
762,760.tif,0.0,0.0,35.0,40.0,0.0
763,761.tif,0.0,0.0,0.0,0.0,0.0
764,763.tif,0.0,0.0,6.0,7.0,0.0
765,764.tif,0.0,0.0,22.0,2.0,1.0
766,765.tif,0.0,0.0,12.0,2.0,0.0
767,766.tif,0.0,0.0,4.0,8.0,0.0
768,767.tif,0.0,0.0,9.0,1.0,0.0
769,768.tif,0.0,0.0,2.0,0.0,0.0
770,769.tif,0.0,0.0,1.0,0.0,0.0
771,772.tif,0.0,0.0,94.0,13.0,0.0
772,774.tif,0.0,0.0,510.0,20.0,0.0
773,777.tif,0.0,0.0,0.0,0.0,0.0
774,781.tif,0.0,0.0,385.0,38.0,0.0
775,788.tif,0.0,0.0,74.0,23.0,0.0
776,79.tif,2.0,4.0,720.0,177.0,0.0
777,791.tif,0.0,0.0,0.0,0.0,0.0
778,792.tif,0.0,0.0,3.0,9.0,0.0
779,794.tif,0.0,0.0,2.0,7.0,0.0
780,8.tif,0.0,0.0,44.0,2.0,0.0
781,80.tif,0.0,5.0,57.0,8.0,0.0
782,802.tif,0.0,0.0,0.0,0.0,0.0
783,805.tif,0.0,1.0,52.0,58.0,0.0
784,807.tif,0.0,1.0,23.0,6.0,0.0
785,813.tif,0.0,0.0,0.0,0.0,0.0
786,814.tif,0.0,0.0,3.0,10.0,0.0
787,815.tif,0.0,0.0,9.0,1.0,0.0
788,817.tif,0.0,0.0,0.0,0.0,0.0
789,819.tif,0.0,0.0,742.0,141.0,0.0
790,822.tif,0.0,0.0,0.0,0.0,0.0
791,825.tif,0.0,19.0,121.0,35.0,0.0
792,83.tif,0.0,0.0,8.0,0.0,0.0
793,836.tif,0.0,0.0,0.0,3.0,0.0
794,837.tif,0.0,0.0,6.0,4.0,0.0
795,838.tif,0.0,0.0,1.0,1.0,0.0
796,84.tif,0.0,0.0,95.0,7.0,0.0
797,847.tif,0.0,2.0,170.0,24.0,0.0
798,859.tif,0.0,0.0,2.0,9.0,0.0
799,86.tif,2.0,4.0,23.0,12.0,0.0
800,860.tif,0.0,0.0,859.0,171.0,0.0
801,862.tif,0.0,2.0,40.0,3.0,0.0
802,863.tif,0.0,0.0,0.0,1.0,0.0
803,87.tif,0.0,0.0,0.0,0.0,0.0
804,870.tif,0.0,0.0,33.0,2.0,0.0
805,871.tif,0.0,0.0,44.0,13.0,0.0
806,88.tif,1.0,1.0,191.0,122.0,0.0
807,880.tif,0.0,0.0,405.0,151.0,0.0
808,883.tif,0.0,0.0,3.0,39.0,0.0
809,884.tif,0.0,0.0,625.0,223.0,0.0
810,885.tif,0.0,0.0,101.0,87.0,0.0
811,886.tif,0.0,0.0,1421.0,67.0,0.0
812,887.tif,0.0,0.0,2.0,0.0,0.0
813,888.tif,0.0,0.0,497.0,99.0,0.0
814,889.tif,0.0,0.0,4.0,21.0,0.0
815,89.tif,0.0,0.0,105.0,5.0,0.0
816,892.tif,0.0,0.0,1.0,1.0,0.0
817,893.tif,0.0,0.0,6.0,14.0,0.0
818,894.tif,0.0,0.0,0.0,0.0,0.0
819,895.tif,0.0,0.0,4.0,0.0,0.0
820,90.tif,0.0,0.0,19.0,3.0,0.0
821,903.tif,0.0,0.0,887.0,106.0,0.0
822,905.tif,0.0,0.0,385.0,98.0,0.0
823,907.tif,0.0,0.0,215.0,58.0,0.0
824,91.tif,0.0,0.0,897.0,121.0,0.0
825,910.tif,0.0,0.0,31.0,4.0,0.0
826,914.tif,0.0,0.0,23.0,16.0,0.0
827,92.tif,0.0,3.0,73.0,17.0,0.0
828,924.tif,0.0,0.0,1.0,0.0,0.0
829,926.tif,0.0,0.0,5.0,12.0,0.0
830,927.tif,0.0,0.0,4.0,4.0,42.0
831,928.tif,0.0,0.0,4.0,3.0,0.0
832,930.tif,0.0,0.0,0.0,1.0,0.0
833,931.tif,0.0,0.0,1.0,30.0,0.0
834,94.tif,0.0,0.0,282.0,24.0,0.0
835,942.tif,0.0,0.0,1.0,6.0,0.0
836,946.tif,0.0,0.0,0.0,1.0,0.0
837,95.tif,0.0,0.0,37.0,2.0,0.0
838,959.tif,0.0,0.0,1.0,0.0,0.0
839,960.tif,0.0,0.0,7.0,3.0,0.0
840,962.tif,0.0,0.0,1.0,6.0,0.0
841,968.tif,0.0,0.0,2.0,0.0,0.0
842,97.tif,0.0,0.0,934.0,61.0,0.0
843,983.tif,1.0,2.0,0.0,1.0,0.0
844,986.tif,0.0,0.0,7.0,3.0,0.0
845,99.tif,0.0,0.0,851.0,81.0,0.0
846,996.tif,0.0,0.0,0.0,0.0,0.0
